"Firstname","Sirname"
"Kaia","Sloan"
"Ismael","Charles"
"Amari","Bentley"
"Nash","Hunter"
"Blake","Hensley"
"Jamal","Lucas"
"Rihanna","Blackburn"
"Brandon","Pruitt"
"Jaylin","Nicholson"
"Yareli","Ellis"
"Makenzie","Browning"
"Alberto","Lambert"
"Antoine","Horton"
"Tyshawn","Dickerson"
"Braeden","Randolph"
"Kadin","Fleming"
"Melody","Zavala"
"Evangeline","Potter"
"Gerardo","Lin"
"Dalton","Tyler"
"Emmett","Hansen"
"Karma","Potts"
"Anne","Mccullough"
"Danna","Hensley"
"Xavier","Ho"
"Yair","Blake"
"Maggie","Rangel"
"Jaron","Ferrell"
"Madyson","Welch"
"Madilynn","Hall"
"Demarion","Knapp"
"Charlotte","Jarvis"
"Calvin","Parker"
"Shannon","Graves"
"Alayna","Mahoney"
"Odin","Spears"
"Hailee","Wells"
"Jade","Hoover"
"Arianna","Mcclain"
"Dominique","Reeves"
"Giovanny","Nolan"
"Lucille","Rodgers"
"Marquise","Russell"
"Milagros","Henson"
"Emmett","Collier"
"Davin","Potts"
"Aron","Archer"
"Angel","Berry"
"Morgan","Love"
"Wyatt","Cunningham"
"Amelie","Best"
"Jazmyn","Norton"
"Jorge","Meza"
"Tyree","Martinez"
"Triston","Duncan"
"Amiya","Combs"
"Mckenzie","Porter"
"Lilyana","Oneal"
"Delaney","Manning"
"Rex","Rodriguez"
"Luca","Lee"
"Kimora","Li"
"Sherlyn","Perez"
"Zion","Ali"
"Jordon","Kelly"
"Aden","Casey"
"Lizeth","Horton"
"Ronan","Gentry"
"Quinn","Klein"
"Aubrie","Baird"
"Brianna","Armstrong"
"Laura","Blanchard"
"Darwin","Munoz"
"Laurel","Peterson"
"Devan","Mcdaniel"
"Shannon","Booth"
"Cassius","Howe"
"Hana","Riley"
"Muhammad","Leonard"
"Jax","Kim"
"Lilyana","Russo"
"Isabel","Hogan"
"Roland","Mckay"
"India","Guerrero"
"Tatiana","Ellis"
"Remington","Kaiser"
"Blaze","Wells"
"Isaias","Fischer"
"Rayne","Meadows"
"Anaya","Bullock"
"Shirley","Woods"
"Greta","Campos"
"Douglas","Dickerson"
"Ingrid","Poole"
"Alissa","Pratt"
"Sasha","Rodriguez"
"Tyler","Chandler"
"Harper","Price"
"Jarrett","Wilcox"
"Chase","Goodman"
